{
  "logreg": {
    "best_params": {
      "clf__C": 1.0,
      "clf__penalty": "l2",
      "clf__solver": "lbfgs"
    },
    "cv_f1": 0.22755596927616262,
    "roc_auc": 0.8436213991769548
  },
  "rf": {
    "best_params": {
      "clf__max_depth": 8,
      "clf__min_samples_split": 10,
      "clf__n_estimators": 400
    },
    "cv_f1": 0.23348214967695552,
    "roc_auc": 0.81679012345679
  },
  "gb": {
    "best_params": {
      "clf__learning_rate": 0.05,
      "clf__max_depth": 3,
      "clf__n_estimators": 300
    },
    "cv_f1": 0.07125700470265464,
    "roc_auc": 0.8192901234567901
  },
  "svc": {
    "best_params": {
      "clf__C": 0.5,
      "clf__gamma": 0.01,
      "clf__kernel": "rbf"
    },
    "cv_f1": 0.2171509860910216,
    "roc_auc": 0.8409670781893004
  },
  "knn": {
    "best_params": {
      "clf__n_neighbors": 5,
      "clf__weights": "distance"
    },
    "cv_f1": 0.04269245647969052,
    "roc_auc": 0.6130555555555555
  }
}